"T1T2ratio","G1.fMRI","Evolution.Expansion","AllometricScaling.PNC20mm","PET.AG","CBF","PC1.AHBA","PC1.Neurosynth","BigBrain.Histology","Cortical.Thickness"
1.39842462539673,-3.87572836875916,-0.791460228261227,0.994693564375242,-0.515091097727418,52.9679516474406,0.0890314975753426,-0.000257048959610984,0.0278781577944756,2.89625453948975
1.44276905059814,-4.32166385650635,-1.16772685113341,1.03039152746977,-0.414669272349064,47.6139629718869,1.52121341752625,-0.000162965603522025,0.04121483117342,2.47464609146118
1.4198716878891,-3.9015417098999,-1.37295199533304,1.04122733374437,-0.182782218450059,47.3314613024394,1.18595539405942,0.000249515083851293,0.177310392260551,2.49952101707458
1.48105978965759,-4.11359214782715,-1.0837041253352,1.00585835307609,-0.159108346877335,48.1423648222712,2.33903991812058,-4.5911263441667e-05,0.302019149065018,2.07118439674377
1.50943219661713,0.289826661348343,-1.27023653517064,0.974100587601514,-0.112467699710606,58.6145574825326,2.39063297841967,-1.85889439308085e-05,0.219781398773193,2.12080597877502
1.42467963695526,-3.67876791954041,-0.657526591202108,1.10940735514571,-0.0189680350353805,60.1956470458488,1.37921055933324,-0.000188733349204995,0.141826212406158,2.45278024673462
1.51995360851288,-2.54600930213928,-2.00769094145222,0.710520307729199,-0.40513263222803,61.6710144577512,2.64888443916467,-0.000138124436489306,0.402333974838257,1.94760489463806
1.45153379440308,-4.21285009384155,0.267476344218363,1.11384521982523,-0.1487375405154,62.4540676351366,0.869063502250437,-0.00194437277968973,0.272091269493103,2.53601503372192
1.50140833854675,-3.44104933738708,-0.641983715842848,0.978787313993663,0.159775771532361,62.6993452882114,2.11235434143511,0.000108341060695238,0.242990031838417,2.13216996192932
1.35854637622833,-3.7838339805603,-0.120523153300825,1.09138539385151,-0.00110721199921131,63.6379315144307,1.02741855399029,0.000237737680436112,0.111022651195526,2.44780230522156
1.49529790878296,-4.42125558853149,-1.39244445079082,0.859029894261747,-0.310904483746964,61.4351978405102,2.21914789354479,-0.000178663642145693,0.426243960857391,2.06425976753235
1.45907413959503,-4.27714729309082,-0.423003742506045,1.07999816814565,0.1092082325829,60.0500383791716,1.41198276288761,-0.000716034439392388,0.113091535866261,2.35891652107239
1.36780965328217,-3.89674758911133,-1.58276801833308,0.851403671721513,-0.52789355993895,47.9960629328383,0.510602038568227,0.00041013426380232,-0.169851839542389,2.59890627861023
1.49094808101654,-4.42027139663696,-1.181695090301,0.810485733533973,-0.72480507239477,56.6777445095689,1.65914343008355,-0.000353318813722581,-0.0362400263547897,2.32681703567505
1.5163654088974,-4.31912422180176,-1.04140989617868,0.880761434815147,-0.520728882063519,61.6982035550204,2.48937145579945,-0.000154793116962537,0.152866929769516,1.99329280853271
1.61306607723236,-3.39832186698914,-1.52484268334604,0.644582435969383,-0.562147169824569,51.9335385599444,0.0820243243248232,0.00164199073333293,-0.339395791292191,2.10692667961121
1.46685528755188,-3.85873317718506,-1.27942069470882,0.83914675762256,-0.471341880286733,54.0927708307902,1.55995524898171,0.000235205385251902,-0.121591798961163,2.07296133041382
1.54101693630219,-3.90461206436157,-2.11510779765936,0.558504917873786,-0.619564222983825,62.1254373697134,2.66813390682905,-0.000180289745912887,0.359281301498413,1.98529875278473
1.57966649532318,-4.01202487945557,-1.32279417106697,0.727597811469087,-0.605501176403449,58.4122509140152,2.66876329172839,-0.00029729405650869,0.321283668279648,2.00905585289001
1.48551571369171,-4.02491760253906,-0.790396025573665,0.973646023395387,-0.3743540387262,43.4574359980496,2.20116713744673,-0.000102875092125032,0.268689781427383,2.14502930641174
1.47955739498138,-4.46727991104126,-1.96046833732189,0.795786164127863,-0.15360144333308,58.5829507632133,2.37492086719244,0.000137254304718226,0.285719871520996,2.06020998954773
1.49914526939392,-4.25326871871948,-0.778549855771033,0.902264120939531,-0.129234417611243,57.7028142025596,2.0562688496552,-2.60905544564594e-05,0.351472556591034,2.22465944290161
1.48064708709717,-4.46934652328491,-0.849003236998552,0.990418519613878,-0.0810969153378135,56.8724777653532,1.58157852835625,-0.000333475501975045,0.326217859983444,2.19610977172852
1.42676949501038,-4.03797578811646,-1.17016140926968,1.06246419928291,-0.0413189431356097,56.9715790488503,1.57814697135578,-0.000342985731549561,0.277412325143814,2.21792411804199
1.38509356975555,-4.95897340774536,0.92907338878911,0.870307232923568,-0.203998766756456,52.2881398778053,0.129476098782697,-0.010234565474093,0.072192020714283,2.76390528678894
1.60874927043915,-4.56006193161011,-0.592405078536103,1.04051698883995,-0.0354105723527027,61.0961786806583,1.22424061666243,-0.0126407146453857,0.335221618413925,2.56892919540405
1.55654442310333,-5.36472702026367,0.745398674479553,0.971360190851348,-0.106982154490626,60.5908585957118,1.62858853680747,-0.0129926782101393,0.392324984073639,1.94523656368256
1.42560625076294,-5.32920932769775,0.993937651593372,1.08764693651541,0.119402691791487,52.4833996685378,0.735423010124628,-0.0124936746433377,0.246789246797562,2.32928943634033
1.5687894821167,-5.38226413726807,0.0318831526778973,0.986347063873591,-0.0137049969350474,62.2820173970769,1.70888640103715,-0.0134051293134689,0.511227667331696,2.05388712882996
1.3954097032547,-4.91198492050171,0.0429885916417109,0.790254129452652,-0.102466710955637,47.723477910074,0.719302703825276,-0.00614414550364017,-0.112636126577854,2.38274049758911
1.53115546703339,-5.28353929519653,0.572032507393778,0.821104623607753,-0.178933625522348,51.430911545901,0.647697466550414,-0.0116598960012197,0.260923117399216,2.87132453918457
1.35949611663818,-4.62273454666138,0.719100851727569,1.01578169607598,-0.00999243598451595,58.8663451153299,0.234369384934721,-0.0127811850979924,0.296425610780716,3.01276755332947
1.62387478351593,-5.33290672302246,-0.844603615539983,0.858522012059031,0.188733781473149,55.7293112524625,1.04696589143112,-0.0134851345792413,0.33530381321907,2.85167956352234
1.57044470310211,-5.28879642486572,0.0300905991092419,0.918930762875689,0.0509864342548497,61.3115140539016,1.74057266050882,-0.0129377385601401,0.313872456550598,1.948859333992
1.43357980251312,-5.28496217727661,0.546603382008631,1.01050937100776,0.074837615670279,53.3306229069548,0.55648632010199,-0.0119609422981739,0.209301561117172,2.17355275154114
1.35440385341644,-4.68705558776855,0.158197066171423,1.02348366800477,0.186228787192308,59.5178626340978,0.393080023369368,-0.0120843965560198,0.266718536615372,2.66858649253845
1.63756167888641,-4.996253490448,-0.239836888096761,0.775687609029853,0.0864532089857992,56.7220377714738,1.36087922946267,-0.00865240581333637,0.451647222042084,2.66543197631836
1.39249384403229,-5.16693544387817,0.0249042263795855,0.92774011105299,0.10582939739048,43.3534994888306,0.988875286877155,-0.0119305811822414,-0.0384055785834789,2.07504844665527
1.53627181053162,-5.21490049362183,0.190018110705303,0.866214414674138,0.131917235427647,44.1782580443791,1.13376702746702,-0.0129049932584167,0.356138110160828,2.63245105743408
1.35980331897736,-4.92339277267456,0.0386441022803586,0.920838300643429,0.290745133065408,45.1376296197214,0.362667010484203,-0.0120863355696201,0.249343439936638,2.62420082092285
1.55478823184967,-4.79809379577637,0.207225456604288,0.842996697190782,0.106380437722128,57.0766237017135,1.80291967156907,-0.00858565513044596,0.3260697722435,1.7428126335144
1.3938113451004,-5.04984855651855,0.16428365868241,1.00177381735928,0.0534196069095073,49.1030396995304,0.568741535615621,-0.0113062961027026,0.180585101246834,1.99068236351013
1.63533425331116,-5.24580240249634,-0.0525948014975126,0.856414985089075,0.252446537591251,46.6903934842064,1.28358437049957,-0.00612388784065843,0.411451607942581,2.60743856430054
1.47263264656067,-3.44911074638367,1.07571260724217,1.04748208106622,-0.442857084520293,70.7196441740679,-0.178046057739201,-0.00132380065042526,-0.0120091810822487,2.69142389297485
1.53758370876312,-3.43633842468262,0.687194904252406,0.992039474989137,-0.302808641539624,71.1324786678437,1.2150430217866,-0.00133461819496006,0.345975875854492,2.7443630695343
1.45912098884583,-4.05124711990356,-0.122626479113458,1.13592724462526,-0.138925079062614,72.2623551630341,0.103289462296309,-0.00171789352316409,0.0372492633759975,2.69683790206909
1.26013708114624,-4.19787406921387,-0.00864883952877588,1.06458271079593,-0.423663085699081,51.9415495469835,-0.83937179379993,-0.00441827718168497,-0.0431444272398949,2.93034696578979
1.45343506336212,-4.44364547729492,0.135252093952714,1.16403977148461,-0.128484067455583,55.6734462391246,0.812483584338969,-0.00280804722569883,0.339404881000519,2.6759090423584
1.36489939689636,-3.18708157539368,1.3146266798738,1.15384832696176,-0.269112373334946,70.4787137743453,0.806266756334775,-0.00456453301012516,0.276171147823334,2.73150539398193
1.53337836265564,-3.88327288627625,0.971828335259534,1.26294926978365,-0.199512299747041,71.2640145700189,1.25214360597767,-0.00307507114484906,0.453205585479736,2.59811854362488
1.34497833251953,-4.49730491638184,-0.0719906217234797,0.947594934780347,-0.382216026026167,54.9048808499386,0.404962541045327,-0.00595745211467147,0.156536683440208,2.80718612670898
1.31454193592072,-4.02054977416992,0.0410925724423792,0.902120813201456,-0.0738572296001675,69.2931614819695,0.203118286413305,-0.00657449988648295,0.0317019894719124,2.74067115783691
1.36578607559204,-4.91748809814453,0.779063439262765,1.15539263029184,-0.394633200152644,55.8814086914062,0.574758101254702,-0.0112020866945386,0.137245953083038,2.89152336120605
1.28637003898621,-3.97217082977295,0.715064644095409,0.986419249729938,-0.369084436491311,61.8070194749947,0.317437733512327,-0.00889936834573746,-0.0037035527639091,2.79269289970398
1.47476184368134,-4.6792688369751,-0.264629821606482,1.10297865363268,-0.0500443567789028,64.2189163061289,1.21016774250147,-0.00960227195173502,0.268062680959702,2.66428303718567
1.35626626014709,-4.88090944290161,0.345702829519435,1.07206253116093,-0.296343870224461,61.2805515470959,1.11282305454924,-0.0118175456300378,-0.0519699268043041,2.43598461151123
1.57116270065308,-4.81207799911499,-0.431333286573225,1.16504168021874,-0.175145784240277,60.0412804650479,1.67152807556215,-0.0107132913544774,0.176181763410568,2.1442289352417
1.50707411766052,-4.00612497329712,-0.786627254960769,1.05986953781258,0.114850226283559,65.8713426767669,0.929915645477935,-0.0109374774619937,0.0869698449969292,2.81929039955139
1.50396025180817,-4.80685949325562,0.178706785355966,1.17425566770899,-0.116346315092107,62.2237446702371,1.80196926255864,-0.0127229448407888,0.203406676650047,1.75960350036621
1.2497227191925,-1.05153167247772,1.08822577347798,0.892484718719415,-0.0871462696520364,53.5148597480976,-0.808460086172002,2.87310358544346e-05,-0.184137493371964,2.92305898666382
1.33261585235596,-2.02008509635925,-0.241043974973515,0.84876243092797,-0.54653287096457,54.867012682828,-0.412483521550894,0.00126960291527212,-0.156490743160248,3.09420609474182
1.27073240280151,-0.90058445930481,1.25490566738442,1.01128540145901,-0.10911136262233,55.5087243206096,-0.346698102462193,0.0010866877855733,-0.0521339364349842,2.81335949897766
1.34543645381927,-3.76202988624573,-0.219267769614984,1.06461845184195,-0.0679110901600189,59.8733478195366,0.377467491171569,-0.000917302852030843,0.059781227260828,2.63679575920105
1.3854877948761,-2.82909250259399,0.788545149855497,1.02005985568209,-0.222036997828542,64.2786401329971,0.437330603308794,-0.000873239478096366,0.231089681386948,2.55247473716736
1.31210780143738,-1.85971415042877,-0.258173901845802,0.978635464806155,0.0868388562275978,61.9109394579049,0.760772199515837,-0.000466408091597259,0.0700173676013947,2.53336787223816
1.37555909156799,-2.16266083717346,-0.120613200473599,1.05373347759247,0.348954242765903,56.6918839263916,0.809435610175133,-0.00143707718234509,0.423903793096542,2.44420385360718
1.3724102973938,-3.51511788368225,-0.236014378192421,1.01357915211055,0.290399848787476,57.9946098592546,0.965955478035741,-0.00220859609544277,0.269722014665604,2.27765440940857
1.36355674266815,-0.706070840358734,0.857781058354099,1.15305589150338,0.368778020904882,58.4309692661258,0.670842895107548,-0.00221640756353736,0.378672182559967,2.37139940261841
1.40822863578796,-1.32859313488007,1.58452739249701,1.16177203600434,0.236468051185553,61.4604005046274,0.689208959711009,-0.00206759641878307,0.210272789001465,2.35961270332336
1.37060034275055,-3.37803244590759,1.50836366973817,1.11112386733294,-0.0406798807143787,59.7359177470207,0.540500941453502,-0.00679535930976272,-0.0891403183341026,2.30048942565918
1.307497382164,-2.20402193069458,0.0159271716369384,0.963301805301486,0.237759582153753,59.4547296494089,0.611955311597954,-0.00537549657747149,0.150782406330109,2.30715990066528
1.38159584999084,-4.25149822235107,1.43400237165896,1.07886826409433,0.210653103818011,58.718834726434,0.656555952882408,-0.00758361164480448,0.117298953235149,2.24406123161316
1.25473320484161,-2.9363272190094,1.11435750341104,1.18780323415021,-0.244870699917764,60.2536596659741,0.206887613811524,-0.0111086582764983,-0.262558430433273,2.70495533943176
1.34683620929718,-4.83549022674561,1.02631538840616,1.22772894011941,-0.149791098754426,58.56590025592,0.38561259276548,-0.0120399482548237,-0.00665242783725262,2.41920042037964
1.27025079727173,-1.72184383869171,1.74765032250434,1.22430874314159,-0.0677128342294964,58.8938807547092,0.198593124514446,-0.0106894355267286,-0.170621976256371,2.57248449325562
1.3317539691925,-4.45584440231323,1.46322436185227,1.22900624496421,-0.206912366543733,54.2157748114202,0.255549314249422,-0.0104619497433305,0.388478845357895,2.43429923057556
1.34845077991486,-4.1352219581604,1.32432591948806,1.18082875653175,-0.0234453934021189,54.2798854590809,0.3183414754221,-0.00882539339363575,0.228289678692818,2.38440155982971
1.34840941429138,-4.93595314025879,0.844155897572637,0.979277124255896,-0.156052816775627,56.2843805789947,0.371745818201452,-0.0112949013710022,-0.0613813251256943,2.24738073348999
1.2340921163559,-2.39502811431885,-0.446269167567061,0.980441254248722,0.00619636514712386,55.8608829306184,0.375447933193591,-0.00422003166750073,-0.249189853668213,2.28689384460449
1.27599656581879,-3.96591114997864,0.317541381844945,1.06302905246003,0.0269067965923132,53.6383064740325,0.348577449991278,-0.0108601590618491,-0.0451182536780834,2.22309184074402
1.2559894323349,-4.53738498687744,-0.292825773316012,1.07692305337299,0.102050272438315,49.0166364799846,0.240968769246882,-0.00937315635383129,-0.0315586216747761,2.19518756866455
1.37575149536133,-2.23500871658325,0.658329456299543,1.03479411055644,0.199814474303275,69.4392210324605,0.403753933310509,-0.00721901981160045,0.214971855282784,2.64358830451965
1.30740177631378,0.428607434034348,1.31904985196888,1.04390722885728,0.579376137116924,63.0387051105499,0.161178419017233,-0.00408540898934007,0.281547486782074,2.74712777137756
1.36727905273438,-2.62357044219971,1.24281499242481,1.09476693219776,0.221476030807141,67.8331047734128,0.224588075393363,-0.00859986245632172,0.335061967372894,2.68913865089417
1.33157813549042,-1.59754514694214,0.217156136827543,1.25641970932484,0.42403567406748,68.7206978389195,0.237458247159209,-0.00508261378854513,0.0434522591531277,2.71965622901917
1.31646966934204,-3.27004146575928,1.01680928050426,1.40587567028246,-0.221902420515554,65.7640836169148,0.363950409387287,-0.0112990587949753,0.0368304215371609,2.63281297683716
1.23917090892792,0.182622909545898,1.1286123266323,1.22156296531073,-0.0580689066136591,65.4965539012882,0.10991228966833,-0.00391247635707259,0.079749807715416,2.66780877113342
1.22724986076355,-1.51222264766693,1.69136761192583,1.37498278903146,0.00025797095328856,67.211912236662,0.138022732276183,-0.00790402479469776,-0.274206191301346,2.68295931816101
1.17471754550934,-2.6695990562439,0.20921796017377,0.895791270474131,-0.721498976753981,59.2481651454009,-1.82358402706856,-0.00217068521305919,-0.228017047047615,3.35469579696655
1.21265351772308,-2.85948705673218,0.860408895757309,1.14606719377429,-0.437144649236701,61.1065926219142,-1.64571193345757,-0.00143150053918362,-0.324729740619659,3.07594299316406
1.22496461868286,-1.34752786159515,0.976905715270121,0.969943915559946,-0.033515439639784,60.0200373123252,-0.733498354101442,-0.00184966519009322,0.0516262575984001,2.92380285263062
1.17275488376617,-2.62244749069214,0.618349119913664,1.06286719119806,-0.159336964167628,55.3359480384442,-1.3393655723805,-0.00436821253970265,-0.00743224378675222,2.88757801055908
1.26607060432434,-3.51928615570068,-0.0175820724437581,0.831548490422837,-0.318030225086614,68.535939615669,-0.200359670062226,-0.00949333980679512,0.0371404848992825,2.87399077415466
1.25375366210938,0.748721301555634,0.508504969274213,0.916083054628201,0.298083153564461,75.1595433857627,-0.0232833103683894,-0.00393687980249524,0.0102512799203396,2.77369999885559
1.25465655326843,-2.90785384178162,0.632849023439163,0.839567624205767,-0.076096422612927,55.6118433309156,0.0404015598428804,-0.00212522386573255,0.00108793703839183,2.5913782119751
1.26578783988953,-2.09549045562744,0.0248224850275491,0.885142836468351,0.0102549524502143,55.8900431065472,0.141228957044566,7.55113578634337e-05,-0.0734936520457268,2.50490546226501
1.25553023815155,-3.0956244468689,0.136990876185708,0.967373776912689,-0.2178798353374,55.3344421386719,0.395619977355003,-0.0014624031027779,-0.165691822767258,2.40121555328369
1.21833109855652,-3.98812341690063,1.11861407318536,0.977585053619216,-0.28887681034736,60.9569707571291,-0.633669352852831,-0.0115926740691066,-0.175597369670868,2.84293055534363
1.27628171443939,-2.70251512527466,1.12084088474512,1.14589715082394,0.246939109221689,58.1414310555709,-0.262474860015668,-0.00851993635296822,0.0859456583857536,2.98143625259399
1.26225483417511,-3.19690632820129,0.558861105790678,0.990161706816475,0.338523877960331,39.3227535486221,0.0476227394955338,-0.011894510127604,0.230026766657829,2.72566795349121
1.2398853302002,3.05493927001953,1.87901511340015,1.18053851929386,0.634919806919267,79.9132341368009,-0.124848685960854,-1.8570159227238e-05,0.11473523825407,2.5326247215271
1.21336364746094,-0.949176609516144,1.26188699640123,1.15902499997683,0.361089266920831,68.241534971248,-0.209615011589002,-0.000418545241700485,-0.196489721536636,2.55692863464355
1.21940732002258,1.25640666484833,1.23012049923772,1.38630971493928,0.425724857592064,74.8379765386167,0.017309625705947,0.000124981335829943,-0.120140463113785,2.60806012153625
1.1273934841156,1.72209143638611,0.469532751700962,0.814559462277786,-0.144855973047569,64.4019100769706,-1.43579547172007,0.00336566986516118,-0.0943082198500633,3.53822541236877
1.24092316627502,1.0775740146637,1.05462310241379,1.02540218875608,0.305305868614721,65.7195368177108,-0.708186336942301,0.000300615793094039,0.125189125537872,3.06413340568542
1.21562588214874,0.153133600950241,0.663295403777898,0.709067328945621,0.112741323497535,68.2730846195431,-0.616195918767007,-0.00425962824374437,0.00153635104652494,2.96867632865906
1.1789745092392,2.52822041511536,0.919744484188143,0.980416186092314,0.30222084133093,65.5286203494742,-0.30690595852442,0.000274293270194903,-0.208424583077431,2.83147430419922
1.17453122138977,-1.71308600902557,1.00749906853064,1.03382082305737,0.0305236587254562,56.6897416565549,-1.13941200989396,-0.00416611460968852,-0.0381447039544582,3.01738882064819
1.23956596851349,4.2763147354126,-0.632733377120482,0.769574097855381,0.200795621566829,62.8784010347235,-1.36073712066368,0.000419098767451942,-0.364233464002609,2.59969019889832
1.27283704280853,2.21156883239746,-0.302538656356914,0.918515063122491,0.135293156628945,70.2466828783573,-0.848560950374076,0.000874740013387054,-0.0338740274310112,2.9983172416687
1.1719743013382,5.57803153991699,0.193816932305954,0.6289039886275,0.188302258571047,64.7475918614587,-1.05568599839543,0.00109012972097844,-0.30774313211441,2.57288074493408
1.33046281337738,4.98078775405884,-0.50913610290736,0.824465103447437,-0.0219572589383461,65.2147535800934,-1.53656993806362,0.000591907708439976,-0.394180089235306,2.68951177597046
1.1948744058609,6.08870220184326,0.818560703289814,1.02584702112736,0.341449897464078,63.1771823198367,-0.681262943377862,0.000126333194202743,-0.163155853748322,2.58512091636658
1.14528286457062,2.1909921169281,0.66907396130528,0.703262410688062,-0.388782016246031,0.291250759032258,-1.84505804379781,0.000792258826550096,-0.364414215087891,3.16895818710327
1.06947720050812,1.11429083347321,0.317619264568433,0.644232795085057,-0.357995637277565,7.00695158671795,-2.17407004195865,0.000735193956643343,-0.357427895069122,3.44577932357788
1.19872713088989,1.35602378845215,-0.00396452805260196,0.813956039746602,-0.355843502907082,9.78140424916106,-2.14922968546549,0.00193590472918004,-0.345820724964142,3.07593107223511
1.20823097229004,3.70300602912903,1.49885252392155,0.911406283406005,0.0278884919538248,15.2558133251196,-1.15272021019596,0.000516679312568158,-0.101039178669453,2.94251227378845
1.20523178577423,1.87544476985931,0.551778114627342,0.854580341964155,-0.314060808385949,44.0711371093183,-1.32509531684824,0.000356027769157663,-0.361255347728729,2.98498225212097
1.11553478240967,3.10470056533813,0.110275756296338,0.567519809433956,-0.481078393806685,34.6424967476864,-2.28269843549918,0.00146159564610571,-0.42662101984024,3.56357622146606
1.14595031738281,-1.7772696018219,0.228845146576494,0.865492282618939,-0.68427851901088,51.952372806173,-1.86760206877346,-0.000715576170478016,-0.403161138296127,2.95761513710022
1.25715231895447,-1.72931945323944,1.18825667149698,1.12778773096701,-0.13625325243144,64.5630792180697,0.0435298951342702,-0.00150427396874875,-0.0717853829264641,2.75972080230713
1.3245884180069,3.86281847953796,0.471755330490464,0.98421308461656,0.349277938299991,67.4653718826619,0.676997601985931,-0.000244837923673913,0.136949837207794,2.51896095275879
1.22093820571899,1.25817847251892,2.08423585080086,1.13841165190047,0.170132470574785,67.5943887183007,0.151327328796082,-0.00188559596426785,-0.229362711310387,2.67928433418274
1.35762000083923,4.44378280639648,1.37447872989708,1.06612687740061,0.401359580871132,66.9887496100532,0.648526271680991,-0.000523750844877213,0.0162088982760906,2.45380973815918
1.2869918346405,2.05738425254822,1.93649787965574,1.0899171209649,0.141873304664746,62.5408304114091,0.469981672340318,-0.00414708722382784,0.109470188617706,2.53303670883179
1.36689531803131,-0.0162184927612543,1.64632400574575,1.11524447411981,0.0427532042998764,63.5085137636607,0.423219702398504,-0.00268235942348838,0.262732028961182,2.4559280872345
1.25355994701385,-0.906073391437531,0.686950216738923,1.09755647298202,0.553514854711236,59.6106069539357,0.0204349778664922,-0.00564991123974323,0.215873777866364,2.69313716888428
1.27668440341949,1.72794651985168,1.85351437614078,1.05688851078351,0.579235999593659,70.2448164016481,0.140500110884508,8.28151387395337e-05,-0.111963465809822,2.55012059211731
1.23125386238098,0.500853776931763,1.366700092106,1.17341561139898,0.478154233161439,75.0525562475759,0.0847408053934151,-0.000465602643089369,-0.0907220989465714,2.55473875999451
1.29583811759949,-0.670943796634674,0.294460461673474,1.11984847250738,0.265783359149569,70.8255657396818,0.115083658224658,-0.00420032441616058,0.150631994009018,2.81125640869141
1.32783377170563,3.47633767127991,1.0509625876772,1.04243201284573,0.653441352885345,72.2256837779078,0.212104341798815,0.000200195747311227,0.0672301203012466,2.57275104522705
1.33169007301331,3.67976570129395,0.788342553721972,1.23050693835109,0.72064915865906,71.701280515056,0.146349171838485,-0.000665358442347497,0.111556671559811,2.76111030578613
1.23831033706665,1.12660300731659,0.481896766629375,0.905200415947398,-0.386974746941543,50.6613902732974,-0.981222872076363,-0.00222705653868616,-0.119968168437481,2.25114059448242
1.21913182735443,4.75758838653564,1.74914641315873,1.01900824582255,0.181947578474678,62.5693064219243,-0.922583618679562,0.00109595793765038,-0.105761475861073,2.94185972213745
1.21649014949799,4.59214735031128,1.56728626036829,1.11762469729712,-0.00328703394859971,71.1934428843417,-0.38507597853047,0.00248920964077115,-0.140794232487679,2.93463516235352
1.25760221481323,6.15316390991211,1.70576108446935,1.03653334553649,0.421699589708956,68.4515707667281,0.323941687258278,0.00198524119332433,-0.0530187785625458,2.56587862968445
1.23383152484894,5.34504365921021,2.15023995097727,1.12517621694133,0.307266762189101,65.0637265145779,0.305640870239586,9.04071202967316e-05,0.0368688590824604,2.60509347915649
1.31832873821259,4.17910766601562,1.72272250548653,1.07956990366397,0.303961484671732,60.4484124556832,0.478552948391956,-0.00059483980294317,0.170804977416992,2.49904680252075
1.27009677886963,6.06207418441772,1.22643471114776,1.13234210949318,0.74858291943868,64.8183306151745,0.159388201694716,0.00099382211919874,0.0315315276384354,2.76772356033325
1.21443796157837,5.74832010269165,1.8063527829756,1.04607631561115,0.505659271693472,75.445080442477,-0.155938002436899,0.000650590169243515,0.0127429207786918,2.6259434223175
1.2354736328125,5.61612462997437,1.38877010399157,1.12716205055649,0.508060641922392,71.903356603674,-0.365884957818298,0.00169126072432846,-0.105993695557117,2.52316403388977
1.23560380935669,2.82534646987915,1.33852776885033,1.0749980950797,0.527428256968657,72.4052143803349,-0.277381695944954,0.000107732746982947,-0.0898643061518669,2.48491716384888
1.22702872753143,4.13943815231323,1.07887852795516,1.10934018334256,0.577114609789245,61.7347060819215,-0.508679883990767,-0.000348955189110711,0.0483417212963104,3.0816342830658
1.41405069828033,3.37120652198792,-0.792107130127742,1.09848774823927,0.640788496436929,59.1437051242455,1.28260242983811,0.00151889002881944,0.2761250436306,2.46929311752319
1.35181033611298,1.53891205787659,-0.879757269569065,0.941013615027718,0.416155524357505,61.8360085860543,1.1829799382583,-7.23180783097632e-05,0.110368616878986,2.2942852973938
1.26720476150513,0.924074769020081,-0.21032725332108,1.00757081770315,-0.069818481004123,60.4289538996006,0.45611294885961,-0.00149611255619675,0.0518801361322403,2.46679472923279
1.7701690196991,2.74827885627747,-0.434123030721636,1.04171726764259,0.730231470475763,64.7887211815786,0.406023323535919,0.00178812304511666,0.201628535985947,2.2253942489624
1.69065451622009,1.66563165187836,0.168281602659537,0.917529313003316,0.536073675926994,60.0046949386597,0.347887868756679,0.000206291020731442,0.306159317493439,2.32809901237488
1.27053284645081,6.62380123138428,1.56410292685032,1.1098630219698,0.19244263698929,57.3885714530945,0.250950519293547,0.00270794425159693,0.123756915330887,2.64220905303955
1.26407587528229,6.26078653335571,0.939972317692908,0.938909800215201,0.443414198065346,66.5554626638239,0.612203411757946,0.00205745338462293,0.0611895248293877,2.53553247451782
1.21886241436005,3.26998400688171,0.788987955876759,1.27967291408115,0.494843598987375,61.8181271023221,-0.15502024832226,0.000706920749507844,-0.136123165488243,2.70017528533936
1.21692025661469,6.08698225021362,0.49590353768571,1.16963758594111,0.611178362279906,68.8627050586213,-0.204242482669371,0.00206381850875914,-0.129681780934334,2.66271591186523
1.2564502954483,5.42082023620605,0.669189976462236,1.06069550362039,0.731325169827076,70.7940713598373,-0.164016967018445,0.000677579431794584,0.113125681877136,2.74677491188049
1.43007743358612,5.98715543746948,-0.334094254235769,1.07740874023273,0.292657471566505,68.9521082187521,0.513184283185622,0.00445615826174617,0.145674139261246,2.92608880996704
1.3527843952179,6.20015716552734,-0.426364598614829,1.13990896224976,0.236849339378199,65.8527545383998,0.824775598389762,0.00413973350077868,0.0540650747716427,2.68523740768433
1.33716523647308,6.28668832778931,-0.122799864574177,1.08962559375633,0.434626778242413,70.1806474023936,0.316687650471723,0.00166076584719121,0.107613250613213,2.83205938339233
1.32080638408661,5.07183504104614,0.237299333866686,1.01286343514919,0.376831699423492,77.7323058319092,-0.131244943663478,0.00194808572996408,0.0700479075312614,3.15304064750671
1.26461005210876,3.82297825813293,0.692806576124646,0.915574211965908,-0.0912355428180573,71.2773690657182,-0.39766344868324,-0.00167974038049579,-0.164148092269897,2.85849905014038
1.32191848754883,5.46759176254272,-0.491248602404239,1.0575040832479,0.180197286766339,64.752116223599,1.02496869132874,-0.000135710070026107,0.078153945505619,2.52515482902527
1.30059278011322,2.52424550056458,-0.0627720896317772,1.06191461291283,-0.0177253446434951,63.5133512946451,0.300089562157537,0.00108308775816113,0.0380165763199329,2.58922505378723
1.19344174861908,5.97559785842896,0.270485488242573,0.836268019676208,0.0818302342926876,66.3371962088126,-1.09616558816698,0.00401744479313493,-0.252801269292831,2.68955135345459
1.16824233531952,5.53157567977905,0.173680404889463,1.10293868623796,0.0358636721184915,58.8552045978484,-1.74909655478868,0.00287630083039403,-0.317847937345505,2.92311906814575
1.1658787727356,5.45578813552856,0.431972461157158,1.08434598563147,0.189950194637306,58.9004253012235,-1.13245754456911,0.00213098293170333,-0.229951530694962,2.73389792442322
1.15567350387573,4.61069440841675,0.900871457644256,1.16881156183151,0.0890349039291761,58.1805998331093,-1.57437503410995,0.00511676352471113,-0.110758520662785,3.12557172775269
1.22094190120697,5.77139806747437,0.646804703294106,1.15826858664459,0.466387629790126,64.3496771758457,-0.644411036147262,0.000661152414977551,-0.179026395082474,2.41214418411255
1.15653550624847,1.3217408657074,1.09190855796929,1.01681310166219,0.185695310663076,54.3566909109711,-1.41274918715159,-0.000572110700886697,-0.131050258874893,3.10528635978699
1.09201955795288,5.69676923751831,0.795935741322381,0.780750215564455,-0.352084204980305,22.6638954857855,-2.32199770927429,0.00186502991709858,-0.32731094956398,3.17258167266846
1.16725933551788,6.30365514755249,1.398686459288,1.06867554085329,-0.149312868532434,36.8467568077031,-1.78007999900728,0.00143932632636279,-0.127661839127541,3.07907009124756
1.23804426193237,6.63414716720581,1.65243349783123,1.15612934809178,0.0880175826086997,74.1751743555069,-1.02795648435131,0.0019887515809387,-0.290935128927231,3.03306794166565
1.22250604629517,5.59941339492798,1.39860579013824,1.24089598476887,-0.145783094270155,63.2630373191833,-0.967724912762642,0.00286599178798497,-0.159709423780441,2.92618036270142
1.26819181442261,6.29081535339355,1.56014128880841,1.1465586285506,-0.222351295864168,68.2520707164492,-0.382863863437836,0.000324467313475907,-0.0850465372204781,2.88811373710632
1.29566621780396,3.79541325569153,1.27916546662649,1.27701580701051,-0.284691993064351,64.2041299890589,-0.157863034307957,-0.000204213574761525,0.17395481467247,2.77245140075684
1.30712866783142,4.81241464614868,1.31353961665013,1.08943895609851,-0.119749121583034,58.8543811546364,0.167464639046017,0.00104905210901052,0.0616826191544533,2.68177366256714
1.23837494850159,5.90320920944214,1.61698105037212,1.1467080116272,0.122241793265566,65.9065941619873,0.146648832326755,0.0011626296909526,-0.187047973275185,2.74269127845764
1.17235732078552,6.30435085296631,0.675413458320731,1.04880244514756,0.347501035225768,58.4903385204897,-0.979653747108346,0.00208863732405007,-0.164165988564491,2.92095851898193
1.18184673786163,6.53796005249023,0.526748620945474,1.04084431995516,0.332668373604184,61.3120954555014,-0.368652527180055,0.00168211094569415,-0.274903178215027,2.49716925621033
1.20045948028564,4.14182424545288,0.718269910791825,1.09489762166451,0.330653291067173,74.0846817411225,-0.255800418684195,-0.000359679514076561,-0.293595343828201,2.50853276252747
1.18518757820129,6.5624041557312,0.516893001683688,1.12412996615394,0.531454953854367,60.6815198154773,-0.365253660638454,0.00183107936754823,-0.0936524495482445,2.8315224647522
1.19498133659363,5.8764214515686,0.72208336209724,1.0654898516381,0.617306869003654,60.5625981494208,-0.201664404562824,0.000929484260268509,0.0934655889868736,2.85353994369507
1.22594118118286,1.36978244781494,0.830004217019722,1.02770796640595,0.587560207096498,54.308709471973,-0.0364526931418857,-0.00527603784576058,0.17624706029892,2.92403531074524
1.26006817817688,6.50875949859619,1.45830723191753,1.26876317732262,0.677284237110254,74.2851255782927,0.0605869491612821,0.00161052180919796,0.0648283883929253,2.68910670280457
1.31105804443359,4.65793561935425,1.03008429938927,1.11209368845448,0.506725572515279,72.8127681612968,0.262608851924597,-0.000364871200872585,0.0753615871071815,2.73924684524536
1.22621130943298,5.34400653839111,0.49661275923033,0.943000065228518,0.121080923521453,70.289552711038,-0.665068230558844,0.00292931427247822,0.02191062271595,3.00766348838806
1.30085873603821,3.38944578170776,1.00236125085868,1.04205819613793,0.518715734283129,67.9712549845378,-0.0820467974625382,0.000959447992499918,0.0189149770885706,2.69513893127441
1.23558330535889,5.87616491317749,1.57411371481301,1.04484368491881,0.307652152263292,73.8840540139982,-0.21353874023598,0.00153044541366398,0.0608710758388042,2.64687180519104
1.30638599395752,4.35547542572021,1.51285262743632,0.987823284467061,0.483956538041433,68.9822025553385,-0.0200970833500226,0.000902811239939183,-0.00199408060871065,2.59332966804504
1.28898370265961,5.5975923538208,1.24895510458408,0.772897671039839,0.42185475940543,73.4364981973978,-0.243428392293758,4.67153004137799e-05,0.0679975152015686,2.69454598426819
1.25908231735229,2.63384771347046,0.416979133721116,0.93943489494833,0.117655414179221,65.266688985732,0.552544572399658,0.00256799394264817,-0.0170135851949453,2.58298110961914
1.52193510532379,0.829770624637604,-1.13458575721247,0.772627503038889,-0.250105309109372,49.8627095050122,0.233239384300737,0.00217370060272515,-0.201518714427948,2.48089742660522
1.53655564785004,4.29174900054932,-0.597770847984262,0.842296765462772,0.0393005618385064,58.0139773085311,0.591758220582395,0.00279627228155732,-0.215918347239494,2.82156229019165
1.37583494186401,2.90665507316589,-0.180383506117434,0.97714170995282,0.00282074953287431,58.147328772196,0.843834453603116,0.00172453501727432,0.153368249535561,2.75813293457031
1.41779088973999,3.40320038795471,-1.24836826622486,0.739422165155411,-0.42108963499777,43.6804449114203,-1.40396690011024,0.0032344909850508,-0.24339297413826,2.56042909622192
1.21101713180542,1.24840450286865,-1.31227205029779,0.699077202977123,-0.396892762129208,50.9882592231997,-0.834967818471693,0.00281268311664462,-0.354100823402405,2.83634781837463
1.47651338577271,-0.498803108930588,-1.77647679968725,0.668542881555195,-0.669711041724003,52.1719014614443,-0.340030597735055,0.00215914845466614,-0.389870047569275,2.62788057327271
1.21108734607697,-0.0507701300084591,1.12651018500328,0.981653597354889,-0.509705947339535,65.2523993174235,-1.23005206823349,-0.000840033928398043,-0.242254376411438,3.03850173950195
1.3200535774231,-0.942718625068665,1.11574007809162,0.974200117588043,-0.427182787358761,66.3141981124878,-0.33671827673912,-0.00109992432408035,0.0662323758006096,2.92105436325073
1.35154020786285,-1.06451511383057,1.46859340342608,0.983441975983706,-0.323310437121175,71.6855543656783,-0.115814211287282,-0.00116761610843241,0.216086745262146,2.86706876754761
1.33950889110565,2.54618144035339,1.50108433442731,1.17208639556362,-0.251905114900681,68.221862669914,0.16063749309509,-0.000847205228637904,0.0275658704340458,2.75019025802612
1.31813478469849,0.371859788894653,1.15401912187085,1.08721094902116,-0.225541530609733,66.8761034493495,0.10693799883052,-0.00133208965416998,0.0479757562279701,2.73859143257141
1.3085401058197,-0.795309484004974,1.20107516521465,1.05342479451688,-0.256509443956935,66.6638147502602,0.0805320285015299,-0.00118638097774237,0.048907995223999,2.76062560081482
1.42529487609863,-3.73435282707214,-0.817054653856903,1.08113155245781,-0.533600646853447,55.6652014923096,0.0449952488392591,0.000656194984912872,0.0171593092381954,2.99572992324829
1.43552887439728,-4.20646905899048,-1.38161841722635,1.04728209666717,-0.193460837842371,52.1795171753973,1.01375253070305,0.000210847909329459,0.141666904091835,2.64578080177307
1.47645592689514,-4.35435485839844,-1.05859521166164,1.08304940785595,-0.295201972487614,55.9037475010858,1.81883196244437,-4.43370881839655e-05,0.205708563327789,2.44539999961853
1.47230648994446,-4.12003183364868,-1.17841192483902,0.999294899702072,-0.110002296124585,53.889236869812,2.32111575245857,0.000106400933873374,0.419607251882553,2.12323641777039
1.40301072597504,-3.7772912979126,-1.01014878123234,1.09373494829887,-0.188826181436292,58.334037682949,1.36599326745058,0.000489209545776248,0.350857526063919,2.56231617927551
1.49392104148865,-0.029612323269248,-1.31599759416921,0.908900308821883,-0.186316416493528,61.0291425159999,2.45917946525982,1.60423678607913e-05,0.432235419750214,2.12082076072693
1.50345027446747,-3.18233203887939,-2.10516893061822,0.634257074161495,-0.606051532493178,63.9110655677693,2.65792325793895,-4.65135271952022e-05,0.414518296718597,1.93988037109375
1.46519482135773,-3.76041889190674,-0.512226960259283,1.07683777809143,0.1077458344478,65.7870788117369,1.80550810105786,-0.000269140029558912,0.170380204916,2.33630800247192
1.50673294067383,-2.5618143081665,-1.14538249198128,0.814099534469492,-0.0587130228660124,64.9506059534409,2.42659666024002,-6.67115955366171e-07,0.435043901205063,2.05293536186218
1.35690522193909,-3.82759594917297,-0.131215422312025,1.11796696447745,0.0315121612057272,67.4953381840776,1.00115234059532,-0.000384781596949324,0.0993514209985733,2.52965450286865
1.46848046779633,-4.39708185195923,-1.77681726666346,0.759491477927116,-0.256100215065637,60.6458771849332,2.28526564575221,2.14016199606704e-05,0.315869569778442,2.05433869361877
1.50083601474762,-4.37928199768066,-0.452442990933976,1.02764190806121,0.0142697113010288,63.2540407645993,1.61929670775809,-0.000518486252985895,0.409956455230713,2.29543471336365
1.39935314655304,-3.94038033485413,-1.54518407842387,0.920910245439281,-0.435430864860182,50.865514572807,0.529233340530292,0.000457792542874813,-0.0420723371207714,2.64439249038696
1.54696607589722,-1.6078542470932,-1.74100987632553,0.604585231898667,-0.770864344068936,54.0458312096534,-0.294369261760216,0.00113686523400247,-0.402198433876038,2.50862169265747
1.50518763065338,-4.36441516876221,-1.07551654875278,1.0334956501921,-0.735779336094856,61.7002795855204,2.49084841261307,-0.00059962912928313,0.197090312838554,2.0070595741272
1.5652095079422,-4.44073820114136,-1.20963896399942,0.754525383998608,-0.66730233269005,59.6338036635826,1.87053895818776,-1.57244576257654e-05,0.0560600832104683,2.37268257141113
1.50127053260803,-3.97578835487366,-1.38167832634951,0.727698041420234,-0.463033722296945,54.170000151584,0.830400050274636,0.000494543695822358,-0.155374079942703,2.11039328575134
1.58521568775177,-3.9756019115448,-1.51017016543489,0.820033498079396,-0.731452315929799,61.2388348709285,2.67330884933472,-0.000310171250021085,0.328219443559647,2.04742813110352
1.52036726474762,-4.089524269104,-0.806881867242202,1.18382563003513,-0.400618225249181,48.7451401121879,2.11499066472624,8.616060949862e-05,0.213977321982384,2.17209482192993
1.52098608016968,-4.3132004737854,-0.608986879633346,1.15721794585107,-0.244592238347125,56.7523063337299,2.05597515425212,-2.73594796453835e-05,0.356278121471405,2.25095200538635
1.47866213321686,-4.43818521499634,-1.96778193016847,0.848119425276915,-0.542234285796682,61.7650692939758,2.4424454331398,9.1429399617482e-05,0.141481652855873,2.05182957649231
1.47250521183014,-4.21250057220459,-1.19437198121758,1.11996850283707,0.125170433810768,56.7081112020156,1.69134696792154,-8.61122498463374e-06,0.363157570362091,2.2396240234375
1.45726120471954,-4.47206592559814,-1.02012673742282,1.04202339515923,-0.0495760091280374,57.5770961927331,1.60612368435593,-0.000311923009576276,0.343605130910873,2.23099899291992
1.32807099819183,-5.12210845947266,1.06907502226873,1.10291892563531,-0.22951183503562,57.5139376439086,0.265753573507344,-0.0122416941449046,0.160217821598053,2.43277192115784
1.50293815135956,-5.22135639190674,0.619129424435752,0.900767709527697,-0.0987483011991052,62.0387474605015,1.60778302720615,-0.0123738590627909,0.28524312376976,1.91351342201233
1.55535435676575,-4.37165069580078,-0.634721846552566,0.848725477974099,0.214491475014442,62.4835126945771,1.06794252578753,-0.0118958381935954,0.26123782992363,2.6722207069397
1.41342604160309,-5.34319067001343,1.06581673817934,0.929396243199058,-0.00567917285739008,54.0158177251401,0.741093670760376,-0.0119397668167949,0.201483711600304,2.36362028121948
1.38157093524933,-5.12141704559326,0.967408105641782,1.01614375778301,-0.0828150026367776,50.8237611690681,0.0462426133899989,-0.0128786265850067,0.228906333446503,2.88706541061401
1.57192242145538,-5.34999942779541,0.398726015731957,0.81190942800962,-0.0330267420022049,59.5314650902381,1.70606791126658,-0.0131257893517613,0.406283915042877,1.97890079021454
1.62727296352386,-5.33506155014038,-0.80422257136707,0.809693242056986,0.186691928410415,54.4822600718295,1.04917423544305,-0.0129962535575032,0.37761926651001,2.83094811439514
1.4544095993042,-5.30213832855225,0.682573949820117,0.995094159716054,-0.0229722671471169,56.7780744151065,0.525753228974186,-0.0122386924922466,0.32171419262886,2.2633376121521
1.35773062705994,-5.09582233428955,0.913089729679955,0.961261719686014,-0.0906858157849422,53.58087793986,0.360903229978349,-0.0101229576393962,0.112063214182854,2.29099106788635
1.58080637454987,-5.27603387832642,0.066251844078634,0.831094841613914,0.0670119944596522,57.3459211696278,1.7036180749084,-0.0129419332370162,0.42093363404274,1.95082533359528
1.5382524728775,-5.25150966644287,0.465077783419367,0.814313085640178,-0.131414914669757,48.880090489107,0.87655911441235,-0.00628373073413968,0.312368512153625,2.74541306495667
1.35997951030731,-4.9721508026123,0.100354476673589,0.984885942312627,0.076100199726818,59.7129488178328,0.410919369240991,-0.0127142490819097,0.356639534235001,2.67919158935547
1.38558721542358,-5.17137908935547,-0.0257084083687562,0.924321124140097,0.0872887827317012,45.5984855087436,0.860780819946406,-0.00582231814041734,0.0284751318395138,2.22854566574097
1.65617048740387,-4.98233890533447,-0.255135399483455,0.873279089436812,0.139717898057664,54.8750863542744,1.35189869123347,-0.00924272369593382,0.32544219493866,2.65347695350647
1.57657396793365,-4.74266386032104,0.174011613343221,0.865465351442496,-0.0227703869944283,59.5383123715719,1.79721375703812,-0.0102077824994922,0.431864738464355,1.79762649536133
1.40068328380585,-5.12044048309326,0.337821325608369,0.92634813785553,-0.0158993100875924,51.0964182360419,0.58060945323829,-0.00804975163191557,0.261703640222549,2.0602662563324
1.3220626115799,-4.69608783721924,0.228862741922834,0.990706456511208,0.216457760380058,48.3097457028507,0.290687316589141,-0.0133405840024352,0.288717538118362,2.68386101722717
1.5420708656311,-5.22159910202026,0.184541296740798,0.808198608222761,0.0440132626283326,46.4652352885196,1.14428108852161,-0.0102156540378928,0.393586963415146,2.64133381843567
1.56076776981354,-5.25546360015869,-0.081375641554534,0.910385395634559,0.140251298397479,48.8350773965159,0.978377618905037,-0.010473869740963,0.421553820371628,2.58702850341797
1.49629974365234,-5.18166923522949,0.195729468855285,0.927684994168984,0.267432701454476,40.732113579447,1.46847945359326,-0.00867313239723444,0.166547656059265,1.82672274112701
1.26026272773743,-3.25177216529846,1.20466067280088,0.900779075622559,-0.606015357715743,68.4540145874023,-0.689603530338832,-0.00218922435306013,-0.238322958350182,2.91820502281189
1.58394956588745,-3.5613420009613,0.50626075610791,0.838089876058625,-0.15797800940416,78.1511456001096,1.30829851336595,-0.000757064030040056,0.351426869630814,2.81351327896118
1.39096677303314,-3.66522741317749,0.53210962797213,1.07774606105444,-0.272481924291021,72.4225702543516,-0.395850419192701,-0.00266324449330568,-0.12353902310133,2.81085252761841
1.28779828548431,-4.57995986938477,-0.0214479643868927,1.09642764619578,-0.34437438302508,53.3385103528745,-0.807496527923602,-0.00501344399526715,-0.00771199911832809,2.98815751075745
1.45625960826874,-4.39239501953125,-0.250811217063003,1.11467572759699,-0.0970175876368389,65.4933472244828,0.302643074371197,-0.00462738145142794,0.125314772129059,2.7964243888855
1.43321895599365,-3.56411814689636,1.36903553039997,0.685263257522088,-0.221908657884153,73.1735204226011,1.05534830283035,-0.00305706402286887,0.0955292582511902,2.82759022712708
1.38063490390778,-4.46876192092896,-0.403476656378046,1.06870824215459,-0.326171757835968,51.1719432905609,0.202135808619798,-0.00519522652029991,0.213297143578529,2.74329710006714
1.53595018386841,-4.33449935913086,0.735423466662353,1.11157867606617,-0.0398491356787152,64.6613010357378,1.1308529714658,-0.00502184359356761,0.109549269080162,2.66363668441772
1.32018733024597,-4.55985307693481,-0.0787027590823444,0.970397451384501,-0.449301496486772,57.9495746872642,0.416129529137503,-0.00588276889175177,0.180082216858864,2.87024831771851
1.28407454490662,-3.83524394035339,-0.00645497050280785,0.979668858712607,-0.18890641364065,72.6337265794295,0.0773254495086896,-0.00765653094276786,0.0598272867500782,2.79993581771851
1.38520920276642,-4.98873853683472,0.731213899056117,1.10956306378047,-0.401046237150828,60.414637298584,0.603551042874654,-0.00756083289161325,0.113151200115681,2.94568467140198
1.26300013065338,-4.56444692611694,0.330783219418738,0.916769473208595,-0.440287929834779,62.3879188065676,0.355552178989981,-0.00390408630482852,-0.109372049570084,2.85034823417664
1.28268730640411,-4.45823240280151,-0.300390585730048,0.994770623351398,0.0791865709501221,68.4097971163298,0.265916241234855,-0.0123090511187911,0.111346252262592,2.91947197914124
1.45520186424255,-4.80124998092651,-0.0521110145800722,1.04532424827004,-0.122319884844213,61.0466428807652,1.49385624205367,-0.00794902164489031,0.281311899423599,2.24402356147766
1.55036854743958,-4.56744480133057,-0.835828039988239,1.00144697834806,0.00723600576694901,61.7709889528228,1.18969756455683,-0.0108977304771543,0.23082061111927,2.71193194389343
1.3469158411026,-2.34215831756592,-0.110745127225528,0.90462571879228,-0.521313072865208,55.0233469009399,-0.357009293309723,0.000841261178720742,-0.29303964972496,3.06585717201233
1.31548964977264,-2.01510286331177,0.991369019216458,1.10970547172053,-0.181793407322803,56.1918712224344,-0.217276230914794,0.000616874895058572,0.0543579906225204,2.84090185165405
1.34974956512451,-3.73182988166809,-0.00278419468181031,1.11757636070251,-0.240993912677845,60.8115119761471,0.556675672295137,-0.000817969441413879,0.133622407913208,2.72680497169495
1.47105407714844,-3.96432638168335,0.305569784358765,1.25107250894819,-0.23504290701378,67.0772574651809,0.824240920941035,-0.0011834871256724,0.346146523952484,2.58260583877563
1.36702239513397,-1.11417245864868,1.03670680241322,1.15546385040433,-0.242686972757215,64.2317448713648,0.306391894582688,-0.000173329230165109,0.082181878387928,2.68503379821777
1.38411223888397,-3.35655069351196,-0.394876767570774,1.07440122906809,0.0517495686697118,63.2640247698183,1.04424331475187,-0.00134806637652218,0.0649140998721123,2.53521609306335
1.40819275379181,-4.06830883026123,-0.20111497550682,1.08615747062109,0.1481992120464,59.0702305865544,1.04900888858303,-0.00116242491640151,0.328831404447556,2.3388786315918
1.37989771366119,-1.55012392997742,-0.124094342424845,1.15130526645511,0.187437715547561,56.1986745572558,0.800446832881254,-0.000883003929629922,0.286097288131714,2.4958188533783
1.35425341129303,-0.723525106906891,-0.812542218573486,1.02681485233428,0.233139649776247,59.67634341083,1.19719290356093,-0.00129201135132462,0.130033865571022,2.26134777069092
1.37361013889313,-1.27871751785278,0.962651636586132,1.1618339929236,0.255982489111912,58.7002694003553,0.677755663193852,-0.000798792170826346,0.157766208052635,2.38501024246216
1.33745408058167,-2.42518496513367,0.142889118309626,0.944246931637035,0.245499721037991,58.9139175863827,0.677276504039764,-0.00328480871394277,0.194491684436798,2.32773232460022
1.37640583515167,-2.92258548736572,1.55250980649676,1.10139065197536,0.079593075318262,66.3402879333496,0.629791971274785,-0.00516195502132177,0.175926730036736,2.3293035030365
1.38361811637878,-4.32796096801758,1.32709530178381,1.03064099775285,0.231486662956221,57.5867117667685,0.653163471696328,-0.00626814505085349,0.238495901226997,2.28807973861694
1.26630175113678,-2.51597785949707,-0.371803326462613,1.03183997902915,0.0826002872226951,58.1108014472177,0.458856399928298,-0.00648244097828865,0.0622336938977242,2.31736493110657
1.28550517559052,-1.87212002277374,1.18535889659012,1.11971449485996,-0.184770069026854,69.5678346533524,0.132569922885874,-0.000818559026811272,-0.0517037399113178,2.77574062347412
1.24974703788757,-4.29084491729736,0.806008717843464,1.10183106192521,-0.254552750502314,57.5203502655029,0.321555164882115,-0.0114662982523441,0.176381930708885,2.67951083183289
1.25609695911407,-3.25757884979248,1.64230995849498,1.16058107950155,-0.245968611314169,55.7535415945701,0.137810634467208,-0.0123521061614156,-0.122547224164009,2.59562158584595
1.33965134620667,-1.41606545448303,1.74965555480357,1.16153760036726,-0.0295493881207671,60.4396846214037,0.427504415592451,-0.00705919368192554,0.387462347745895,2.51429271697998
1.32023441791534,-4.55314493179321,1.51531383482849,1.20192765663652,-0.242321650442832,58.4047166599947,0.276050143820398,-0.0105134565383196,0.0828114822506905,2.46544504165649
1.35548686981201,-4.40752983093262,1.35212747907378,1.12493140482512,-0.151972174166086,57.5116014741158,0.35196822588561,-0.0105139799416065,0.0816232413053513,2.3984751701355
1.24404001235962,-2.3392071723938,-0.0768960988840886,1.06828257254192,-0.141053687946073,56.7849581473214,0.340803276641028,-0.00121344113722444,-0.295947432518005,2.44647979736328
1.28812599182129,-4.31152439117432,0.539162048304374,1.04672099073972,0.178978952674189,53.278208633142,0.367509358591097,-0.0098061952739954,-0.163897320628166,2.26745891571045
1.26056361198425,-4.53090572357178,-0.251575420238629,1.0656932627661,0.164223090516811,50.6132948271622,0.252564989603483,-0.00863460171967745,-0.00821196381002665,2.25485396385193
1.36489117145538,-2.85726714134216,0.90918202266718,0.903591705693139,0.285282918505578,68.0855340745714,0.351748578581545,-0.00766672566533089,0.158272549510002,2.64296555519104
1.32661747932434,-2.26618552207947,1.1858011292032,1.00881347281874,0.366670995088648,64.9672770539591,0.138518139719963,-0.00629227375611663,0.26804456114769,2.75592637062073
1.28560864925385,-3.61681509017944,0.367193006606478,1.01613533810565,0.182431393180435,59.7978537710089,0.126709717825839,-0.0112417051568627,0.146970242261887,2.71766042709351
1.31516861915588,-2.91718173027039,0.999204955296591,1.02436849544756,-0.175148102171079,63.6938114315271,0.316189323842991,-0.00959634315222502,-0.0556309521198273,2.73566174507141
1.27988255023956,-3.09566164016724,0.981957174346832,1.14727234733319,-0.303826463615109,62.2842684077646,0.290393564158571,-0.0105492183938622,-0.00158525689039379,2.78539228439331
1.22399711608887,-1.66221594810486,1.63372800627659,1.12207655146204,-0.0454552833925218,63.7567067146301,0.140484487316732,-0.0116630736738443,-0.125632375478745,2.72097253799438
1.30297875404358,-1.56966805458069,0.372501650192954,0.973596547613081,0.20528326329732,74.5209882622523,0.275840300400526,-0.00620994251221418,-0.13147597014904,2.71607041358948
1.1497448682785,-2.15008163452148,-0.0510683012230752,0.892180007237654,-0.687344966886135,52.7426274189582,-1.93743413113631,0.000796884763985872,-0.333533138036728,2.92982244491577
1.11148476600647,-1.75713431835175,0.482395494904588,0.892054601627238,-0.201234979509358,64.3402608235677,-1.77892432843938,-0.00328623200766742,-0.118331253528595,3.65654802322388
1.24158716201782,-2.77839541435242,0.672599034218108,1.08839292239144,-0.470133521559975,61.0559171706594,-1.67989180911898,-0.00395283894613385,-0.392704457044601,3.08369898796082
1.16232407093048,-2.96616744995117,0.643293574599936,1.13795543779241,-0.278932397862398,63.2038540604091,-1.76678769187172,-0.00572456605732441,-0.241111740469933,3.19387602806091
1.20159149169922,-3.20362591743469,0.491120748823605,0.988538202527282,-0.0443832510069327,54.3399357238373,-1.17300077847072,-0.00592851312831044,-0.0967288538813591,2.88084578514099
1.21797263622284,-2.84176063537598,0.173995329658535,0.81978376111845,-0.0756659453061756,71.0023707090503,-0.484137313997876,-0.0109139326959848,-0.0229920390993357,2.93905210494995
1.22942626476288,0.0271177012473345,0.537437925502758,0.930430787521721,0.308845289385934,75.4231950900699,-0.0609723494556926,-0.00710096815600991,0.108864992856979,2.81592702865601
1.21059942245483,-3.76595282554626,1.12031888626516,1.0012743845582,-0.0842981415844406,57.9035977840424,-0.690526253369171,-0.0128533318638802,0.0544397123157978,2.91283535957336
1.28324818611145,-3.8340003490448,1.0095353314257,0.972340504015525,-0.0979004286808937,52.8673100208673,-0.149380207765759,-0.00223814439959824,0.196113079786301,2.7464485168457
1.24944245815277,-1.04402124881744,0.418043227254034,0.866776241196526,-0.110555207744862,57.8914683104823,-0.0874386596931982,9.28584267967381e-05,0.0402827113866806,2.68747806549072
1.25650632381439,-1.34318506717682,1.09135557885643,1.08243681879731,0.321960030022908,57.1466641469045,-0.0614527384876399,-0.00774807995185256,0.140741407871246,3.00050759315491
1.30419778823853,-3.2382800579071,-0.000332636543699153,0.932342635018982,-0.28335801974945,49.2319369072462,0.3314413749171,-0.000146391641465016,-0.0762887299060822,2.48307466506958
1.35500133037567,-4.40215587615967,0.321405406382837,0.789874562527984,-0.205893200158243,46.2865311205387,0.462840028805658,-0.00136233901139349,0.107786439359188,2.50229406356812
1.30145180225372,-3.57673978805542,0.700249707187925,0.956449625492096,0.115656114587826,56.199825265067,0.0921723063715867,-0.012477645650506,0.266800284385681,2.91507506370544
1.21665453910828,-1.23180639743805,0.63917099237442,1.04376995894644,0.43549068040318,57.2082904391819,-0.0956100482079718,-0.00760215939953923,0.0948005616664886,2.80072402954102
1.24222552776337,2.45846819877625,1.95007944537192,1.03951392745234,0.118588560146817,66.3640121774575,0.219373837727861,-0.00113262631930411,-0.175475433468819,2.73746109008789
1.24772155284882,-0.0898214131593704,1.98144364679182,0.980103258077089,0.538730116846325,72.4245397894232,0.0812619152638289,-0.00220175413414836,0.0519410818815231,2.5630419254303
1.22386491298676,1.93584084510803,1.72529065744443,1.14756056937304,0.522205866195939,71.378284367648,-0.074528560127047,-0.00203199544921517,-0.0382382981479168,2.5691351890564
1.19555187225342,2.95528697967529,0.912344725192094,1.23695560463336,0.487515055457083,70.263049085601,-0.256350265330627,-0.000209435456781648,-0.203833818435669,2.50073933601379
1.2108747959137,-0.540973961353302,1.23886638220554,1.30809905726789,0.397023702615417,69.041321345738,-0.198340006412998,-0.000826881499961019,0.0846385434269905,2.56900978088379
1.21476674079895,2.41221809387207,0.880861178168963,0.888263799815342,0.177817680457093,64.0138324079842,-1.01269425821715,0.00289261504076421,0.129839599132538,3.27296614646912
1.25129735469818,-0.579911470413208,0.998652794163862,0.946388132709393,0.259529534754136,64.2462996613207,-0.608956147923315,-0.00139032816514373,0.0911337733268738,2.97668409347534
1.16333556175232,2.15874481201172,1.19384848385146,1.07536761074355,0.278698165985671,54.1169515205152,-1.21557287736373,0.000288396287942305,-0.0345090664923191,3.14164710044861
1.18762373924255,-1.78751730918884,1.04077653814765,0.996181240502526,0.137926330366263,57.0670880785175,-1.01387171022886,-0.00514701707288623,-0.139308393001556,3.00287675857544
1.24435949325562,2.6254677772522,-0.72119463204993,0.850202234494204,0.0298922140463498,66.5942090205374,-1.40635281904584,0.000459437374956906,-0.369744092226028,2.75436162948608
1.28518354892731,1.06489610671997,-0.263370882399035,0.952606682745826,0.0428748320208381,74.9935426269935,-0.752091714877956,0.00217961706221104,-0.19711172580719,3.01126575469971
1.17434620857239,5.98958921432495,0.0142009926333638,0.740130057280091,0.236218278079518,66.0792350111336,-1.21302344915511,0.000462035677628592,-0.354963690042496,2.45473957061768
1.19542133808136,3.50684595108032,0.431172843343195,0.868392693295198,0.179110372504767,68.7304186203901,-0.6122762641486,0.00051417644135654,-0.220472246408463,2.86803150177002
1.37708461284637,4.62979745864868,-0.555984590541233,0.865960665724494,-0.232092753737974,63.1574625101956,-1.50404150513085,0.000611940049566329,-0.403921157121658,2.59798574447632
1.19629240036011,6.19462585449219,0.550808260217309,0.934718516062606,0.277105699907142,63.7408156828447,-1.03212864358317,0.000651891110464931,-0.225634306669235,2.76960110664368
1.12442851066589,0.301229625940323,0.320775566075855,0.749863388051701,-0.504587471708376,2.98092157419686,-2.08896150035358,0.000481408351333812,-0.402469277381897,3.32218337059021
1.13558638095856,4.35384225845337,1.45377991505359,0.811770492478421,-0.175901135840257,0.692049088230736,-1.3316212045519,0.000409124622819945,-0.274383038282394,3.12126493453979
1.09242475032806,5.31093454360962,0.668434833848713,0.745106494979353,-0.360456152763588,2.85553668634288,-2.29985681274869,0.000760859635192901,-0.404649496078491,3.28586459159851
1.18136525154114,0.367172092199326,0.555187431017996,0.951619301648701,-0.166496497600604,31.8586855317813,-1.37911812464396,0.000672194582875818,-0.388306707143784,2.97896075248718
1.16246104240417,2.30643558502197,0.0621444318942198,0.630710280786349,-0.508435321253116,14.5663710934066,-2.25060132169348,0.00129727355670184,-0.399945020675659,3.69438290596008
1.25518643856049,-0.158379450440407,1.19252530640404,0.978854767428148,-0.213093701118741,38.2572852043754,-0.992671813590815,0.000489187135826796,-0.367272317409515,2.91376566886902
1.35510516166687,3.89167356491089,0.4636006409003,1.12355007976294,0.313673060354111,65.0592799527304,0.677136068365404,-0.000385768333217129,0.225162833929062,2.50446772575378
1.27202558517456,1.65486299991608,2.00500583648682,1.19218511067465,0.034218661058736,61.0842475662688,0.399869013867692,-0.00779040204361081,-0.158576607704163,2.57471585273743
1.33274686336517,3.25752997398376,1.70421158252878,1.09115929045576,-0.0622156514251169,60.9515731892687,0.507881245714553,-0.00114420149475336,0.0512684918940067,2.50814986228943
1.359503865242,-0.0829945206642151,1.58430329122041,1.13691608278375,0.109092058604706,68.838827715422,0.483191528445796,-0.00374870235100389,0.339754015207291,2.46202731132507
1.2527939081192,0.361252337694168,0.902538098096847,1.08584093650182,0.47284012367328,67.3207182566325,0.0244606149196625,-0.0019775633700192,0.114276953041553,2.73148632049561
1.31414031982422,2.05932569503784,1.44827362633588,0.919665267592982,0.600306243488663,68.6351847732276,0.273790402370587,0.000846425245981663,-0.0399403385818005,2.54345393180847
1.34303689002991,0.636157751083374,0.910319733269074,0.986907053081428,0.484138669555678,67.7658070956959,0.129410943071194,-0.00027053858502768,0.170504942536354,2.66745781898499
1.29017651081085,4.15921640396118,1.04165226361883,1.18903517535352,0.60275280569482,74.8864112313338,0.220970766633514,3.86700849048793e-05,-0.0561334006488323,2.54617381095886
1.2854870557785,-1.16663599014282,0.300320961345399,1.12707195723254,0.19279453904723,71.5274603827882,0.100259911824656,-0.00351853272877634,0.0512184426188469,2.79568576812744
1.33759570121765,3.17733955383301,0.800671193620254,1.19598644560781,0.513745435352983,67.3766065465993,0.144144404165704,0.000396689400076866,0.0881029516458511,2.72946071624756
1.29221999645233,1.83566105365753,0.453177384436131,0.830380786657333,-0.151977188251913,47.7866543579102,-0.852032588720322,-0.00291990442201495,0.0790244787931442,2.08390378952026
1.21894013881683,4.92815256118774,1.73801374132863,1.1674799519747,0.200992001686245,68.221096159843,-0.797027303785237,0.000741428404580802,-0.156199797987938,2.99338793754578
1.23795115947723,3.96821355819702,1.48938991081942,1.19636061237117,0.135571403302857,75.0917049578041,-0.325322456752798,0.00161899987142533,-0.12131229788065,2.99190545082092
1.27264440059662,5.1730694770813,1.9022594332695,1.20814454754194,0.211617424013093,67.8043924649557,0.258969332324341,0.000542707333806902,-0.157388538122177,2.71493697166443
1.26581001281738,5.78880929946899,1.53903539859465,1.10961646929275,0.359890620530087,69.1568871379769,0.398242261940545,0.000326872745063156,-0.0790640264749527,2.65936946868896
1.26788461208344,4.70172548294067,1.99135062820033,1.14726690744099,0.142119477086357,67.6908162970292,0.313873261213303,-0.000466949481051415,0.000528639240656048,2.57267332077026
1.34816312789917,4.21112966537476,1.34813502113024,1.0575391304493,0.211798509452492,68.0788391876221,0.603208208878835,-0.000386828673072159,-0.133737489581108,2.47118949890137
1.21479690074921,2.71680927276611,1.23128307580948,1.28950347503026,0.565653532743454,72.1479726664225,0.00818700183182955,4.07468542107381e-05,0.0860764533281326,2.62199068069458
1.26752638816833,6.07631540298462,1.34806595878168,1.20813054155994,0.669094957314528,72.0895248016754,0.0788819407137087,8.65169931785204e-05,0.0897531732916832,2.6744384765625
1.30370616912842,3.62334680557251,1.15034617454398,1.00991696177744,0.464971243750815,74.2025604248047,0.207945608570441,-0.00131190160755068,0.0773952752351761,2.72694683074951
1.26430296897888,5.09712982177734,1.36310092629967,1.17409752620446,0.701269623178702,69.1126336108197,0.153762527137667,-0.000311341078486294,0.046614833176136,2.7599573135376
1.29766166210175,4.5915412902832,1.01829366543429,1.03616796954861,0.566668799131866,69.6042174982831,-0.146978460191711,0.00107361190021038,0.0626385882496834,2.70951700210571
1.17755532264709,3.88820242881775,1.00347351288993,0.947698121721094,0.19632752906254,66.096778428259,-0.385218200851078,-0.000528614909853786,-0.149090126156807,2.78484559059143
1.1936286687851,5.11915063858032,1.76324135649438,0.957341849414352,0.708364259183796,75.3419112161873,-0.214258942046976,-0.000690917309839278,-0.0932498499751091,2.67268776893616
1.22906756401062,5.00458717346191,1.23099692678452,1.03973495817184,0.496350572884083,70.6890520172119,-0.361697158157825,0.000124349826364778,0.0222240630537271,2.50922250747681
1.22000694274902,4.00790786743164,1.01037893932441,1.08261389567934,0.474950886235155,61.2526555883473,-0.509810864925385,-0.00054473290219903,0.0628038942813873,3.13588285446167
1.42166721820831,2.02616190910339,-0.53241101375648,1.29234561409269,0.307033296834145,60.2759632655552,1.19395572798593,0.000494240084663033,0.410089313983917,2.61341118812561
1.40197992324829,2.73942375183105,-0.897826656073081,1.0894707075688,0.706976156274812,62.6638985000739,1.29083975623636,0.000471982435556129,0.221047535538673,2.42910575866699
1.29416716098785,4.00110960006714,-0.287714335246806,1.19286309988772,0.217993402624594,62.5446598178051,0.773560670067052,0.000603229913394898,0.166076868772507,2.57801961898804
1.29785978794098,0.755758702754974,-0.0168468407242224,1.06405027514523,-0.17983196591235,63.2915321646385,0.168192508295902,6.94812551955692e-05,-0.0278361942619085,2.61875772476196
1.27283179759979,1.07299184799194,-0.544242356702977,1.02322874466578,0.234894806738285,60.9942801980411,0.719790906736664,-0.00108562724199146,-0.0957667678594589,2.39221620559692
1.78769373893738,2.98514890670776,-0.596078518157204,1.00763435785969,0.306402093109985,61.6243301232656,0.406023323535919,0.000921963946893811,0.139204189181328,2.39144921302795
1.77815961837769,1.3846378326416,0.0289235176471404,0.920142580436755,0.214866424828202,58.1198893196975,0.406023323535919,-0.0002919293474406,0.216092959046364,2.1062695980072
1.16252756118774,6.48707914352417,1.64902160372785,1.09403791222521,0.0451593412685969,57.8298996873663,-1.02681560221539,0.00106405804399401,-0.271456062793732,3.15916728973389
1.28628575801849,6.38187122344971,1.50171279609203,1.27011160585615,0.0618710782016731,66.7888970269097,0.19089035987854,0.0018545554485172,-0.027396447956562,2.75202631950378
1.28441858291626,6.00297927856445,0.844442930998723,1.12114673951713,0.390977480464219,67.031339887756,0.5989534171576,0.000939009885769337,0.000739915238227695,2.65267896652222
1.21883976459503,4.39224624633789,0.628796715045644,1.30127561315198,0.471549592424776,67.566507196872,-0.177471456831652,0.000523476919624954,-0.0623483173549175,2.66758584976196
1.24798905849457,5.55058622360229,0.626472675322015,1.20526264847061,0.499883317561061,69.591179812396,-0.184881151458363,0.00046189280692488,0.0796717405319214,2.75722122192383
1.39690148830414,5.9890923500061,-0.302004262720798,1.14363865394377,0.0729147218586088,69.7462090961004,0.522923469206708,0.00155101320706308,0.0323729105293751,2.92386841773987
1.34431457519531,5.73711538314819,-0.584376581533011,1.21149429470994,0.282967146486044,64.8906025110289,1.08150967539743,0.00131326890550554,0.273045718669891,2.7588632106781
1.33987605571747,5.51559400558472,0.0156308138204811,1.03466928779305,0.163503097509361,72.8022184991217,0.140161262897702,0.000683776626829058,0.0886581838130951,3.00949907302856
1.30739068984985,4.14169263839722,0.590810090441395,0.919354225198428,-0.0691031929616454,72.406567008407,-0.351478274359747,-0.00132899591699243,-0.0688586086034775,2.95410919189453
1.3287535905838,5.87441062927246,-0.264282671002937,1.22352357208729,0.137068429462878,61.172121150153,0.568425845687411,0.000784779258538038,0.116760700941086,2.60306811332703
1.1840648651123,5.58749866485596,0.151784517382132,1.08279412962011,0.0619774732071464,61.5267569735589,-1.50587998039421,0.00320392148569226,-0.281289041042328,2.89768576622009
1.20637857913971,6.17070865631104,0.506311714927727,1.15682233939661,0.189707534046078,62.0018634261372,-0.992031072901788,0.000297145103104413,-0.26768484711647,2.62214159965515
1.14433097839355,3.78791546821594,0.817721304995132,1.11884962978391,0.0493285893255675,57.0852477454037,-1.6657543016996,0.0011205431073904,-0.154134824872017,3.11850333213806
1.16518521308899,5.89531517028809,0.597742088055343,1.19789946012283,0.166686055908409,59.8329328687003,-1.10355186462402,0.00123090681154281,-0.181825265288353,2.89782094955444
1.18523895740509,6.33466386795044,0.567247060380241,1.18240047332852,0.319849489848743,62.3436300292496,-0.51604824657588,0.000581502739805728,-0.307490289211273,2.46628451347351
1.1436949968338,-0.230639487504959,0.733438339160413,0.87291785770533,-0.264278098180586,47.6550461126834,-1.73068181835875,-0.00191857537720352,-0.117917001247406,2.6229887008667
1.24465072154999,6.06188488006592,1.55737846678701,0.97250057294451,-0.126248585784824,71.7825486413364,-0.472673719042334,-0.000461377116153017,0.0107647897675633,3.05810332298279
1.25246405601501,5.52493762969971,1.4049144889179,0.854765918694044,-0.0642035093532238,72.2306941684924,-0.301115075420392,-0.000541334273293614,-0.109578885138035,2.97992539405823
1.12975239753723,5.8013916015625,1.30792582185963,1.11002905195272,-0.257461553180142,22.1047778931646,-1.90395733223686,0.00100939825642854,-0.288882851600647,3.15356922149658
1.16323721408844,6.28395748138428,0.516792824707533,1.12903191666854,0.281481788346642,57.3125993427477,-0.969896042974372,0.00226156576536596,-0.219980448484421,2.83807110786438
1.17827498912811,6.20912408828735,0.509603196739132,1.21589723407713,0.410524370578619,64.7782222715199,-0.319560804555559,0.00063403119565919,-0.27318474650383,2.56053233146667
1.19547414779663,5.84068155288696,0.703835144125182,1.10056249026594,0.363582653218302,58.1788783457087,-0.752919917819144,0.000586388807278126,-0.0203219875693321,3.09897541999817
1.19251441955566,6.59438037872314,0.521222838471013,1.14198665772715,0.53574728696577,62.4029737657116,-0.341712958966532,0.00038146783481352,-0.153918832540512,2.83520102500916
1.19958019256592,4.35103988647461,0.771767026762809,1.0925876236731,0.52159250840064,59.1555882607737,-0.136668574137072,-0.000251004850724712,0.0536393523216248,2.89910268783569
1.2730028629303,5.52935266494751,0.377065817949238,0.901431797267674,0.0910869580693543,70.4159085733907,-0.618404221493047,0.00255376263521612,-0.109468445181847,3.11475229263306
1.2441281080246,4.28710746765137,1.59426107343319,0.946639621679762,0.367886725186774,72.723315399305,-0.120520580065461,0.000535824918188155,-0.0947410389780998,2.73596453666687
1.26748847961426,4.00770950317383,1.31259952797055,0.899492525111484,0.434867333305084,73.8079370186154,-0.178116048123203,0.000143555851536803,0.00682179536670446,2.74696087837219
1.29037225246429,1.9984210729599,0.5827008722858,1.22822161154314,-0.230491680015499,58.2052712873979,0.375067473812537,0.00116742809768766,0.083651952445507,2.62808084487915
1.26723337173462,1.77020561695099,0.213467141905846,1.13026157390973,0.0367951487029387,64.3581829543941,0.72108882517854,0.000141772659844719,0.171751827001572,2.65801763534546
1.51674032211304,-0.741433322429657,-1.19266673041062,0.814528180679805,-0.151822073250668,55.5153694690113,0.199692104064243,0.00131219404283911,-0.255988508462906,2.40577292442322
1.44931483268738,2.93941426277161,-0.339263701219977,1.19848171794584,0.0740761534306463,60.7584669646494,0.69008831983494,0.000922754989005625,-0.065669558942318,2.82187175750732
1.31139016151428,2.58290362358093,-0.956014160288335,0.716756605869764,-0.427773021355078,42.7915368844973,-1.64647485257743,0.00123726844321936,-0.376294016838074,2.80930304527283
1.22593545913696,0.138028934597969,-1.49900326426998,0.795516210408946,-0.339005771783454,50.8438708367039,-0.686063732822143,0.00126734538935125,-0.421461284160614,2.73367953300476
1.10801291465759,1.67685341835022,0.804188323415015,0.911516281198864,-0.439451176519236,57.8782318525078,-1.9412341231157,-5.08545999764465e-05,-0.417262196540833,3.24118232727051
1.21387922763824,2.983638048172,1.36345664644241,1.01159738278389,-0.200013117015362,63.2786251525879,-0.846447585463524,0.000348055269569159,-0.213302865624428,2.95420718193054
1.32209968566895,1.80175399780273,1.36854180868934,0.902823550861423,-0.477372016976861,61.7689824464942,0.0318958337316994,-0.000216223023016937,-0.0402909927070141,2.87022829055786
1.35180222988129,-2.42254376411438,1.21757955599557,0.690721860996963,-0.338661013293992,76.0301916054663,-0.153626569485301,-0.000584804161917418,-0.0205151494592428,2.98894667625427
1.37901294231415,0.940148055553436,1.53391255947374,0.924956561245533,-0.222743170243335,66.3306913672027,0.130001618717768,-0.000200657785171643,0.305527418851852,2.893470287323
1.33467018604279,0.172463640570641,1.09414237522864,0.983133664539268,-0.232583460188261,71.0941877622862,0.221584440552974,-0.000701936369296163,-0.0599903650581837,2.81876635551453
1.40268075466156,-1.63516330718994,1.13786235912559,1.11328285133716,-0.214322801564158,70.2339273039828,0.203490934325094,-0.000169772931258194,0.244998320937157,2.76587605476379
1.35641098022461,-2.65351438522339,1.4109083994841,0.777068021969918,-0.179079241780007,77.659784626757,0.259907234491956,-0.00188986072316766,0.102834045886993,2.86184501647949
1.33192598819733,2.92114162445068,1.31131355559572,1.28179407753843,-0.0929335180838454,66.7589883195593,0.13859416815908,0.000745054974686354,0.131214901804924,2.74341893196106
1.28083968162537,-0.186938032507896,1.2628652695382,0.99957539185439,-0.138440153893489,69.8006627677691,0.0167786569177809,-0.000243329064687714,0.195371761918068,2.77283406257629
